Quiz,Answer,A,B,C,D,Opt_1,Opt_2,Opt_3,Opt_4
Which medicine can relieve a headache?,A,Aspirin,Cortisone,Barbiturate,Streptomycin,,,,
Which of the following is true about soap or detergent?,C,Detergent forms scum in hard water,Soap forms scum in soft water,Scum decreases the effectiveness of the cleansing action of soap,The presence of magnesium ions in detergent forms scum,,,,
Which of the following is not a function of food additives?,D,Improving the taste,Adding nutritional value,Keeping the food fresher,Ensuring nutritional balance,,,,
The joint of a student's leg is swollen and painful. What medicine is suitable to be given to the student? ,D,Insulin,Penicillin,Barbiturate,Paracetemol,,,,
What substance is used as a food preservative?,A,Sodium nitrate,Azo compounds,Ascorbic acid,Monosodium glutamate,,,,
A patient complained of a pain due to excess of acid in the stomach. Which substance will help to relieve the pain?,D,Ammonia,Ethanoic acid,Sodium chloride,Magnesium hydroxide,,,,
Which of the following medicines is an analgesic?,D,Insulin,Penicillin,Streptomycin,Paracetamol,,,,
Which of the following is not a function of food additives?,D,To improve the texture of food,To enhance the flavour of food,To decrease the rate of oxidation of food,To increase the rate of digestion of food,,,,
Why is sodium chloride used in the preparation of soap?,C,To speed up the reaction to produce soap,To produce soap which foams easily�,To reduce solubility of soap,To make soap softer�,,,,
Which food additive and example pair is correctly matched?,D,Preservation & Ascorbic acid,Flavouring & Tartrazine,Antioxidant & Aspartame,Thickener & Acacia Gum,,,,
Substance X slows down the spoilage of food caused by microorganisms. Food will turn bad easily without substance X. What is substance X?,D,Stabilisers,Flavourings,Antioxidants,Preservatives,,,,
What is the function of penicillin? ,C,Treats anxiety,Relieves pain,Retards the growth of bacteria,Controls the level of sugar in the blood,,,,
Which cation forms scum with soap?,B,Na+,Mg2+,Al3+,NH4,,,,
What is the main source in the production of detergent?,D,Palm oil,Animal fat,Ammonia,Petroleum,,,,
What is the food additive used to prevent crackers from turning rancid and changing its taste?,C,Stabiliser,Flavouring,Antioxidant,Preservative,,,,
What is the type of medicine for paracetamol? ,B,Stimulant,Analgesics,Antibiotic,Antidepressant,,,,
A mother wants to bake a cake which is sweet and attractive in colour. Which substance should be added into the cake?,A,Aspartame and tartrazine,Aspartame and benzoic acid,Monosodium glutamate and tartrazine,Monosodium glutamate and benzoic acid,,,,
A group of scouts go camping by the seashore. They have to do all their washings using sea water. What is the suitable substance for them to wash their clothes effectively?,C,Soap,Bleach,Detergent,Antiseptic,,,,
Fat + Sodium Hydroxide ? Glycerol + Sodium salt What type of reaction is this?,C,Neutralisation,Esterification,Saponification,Fermentation,,,,
A food technologist intends to destroy bacteria that cause potatoes to rot using radioisotope. Which if the following is suitable to be used? ,B,Carbon-14,Cabalt-60,Phosphorus-32,Sodium-24,,,,
If the beaker containing two layers of substances. Top layer in the beaker is oil and bottom layer in the beaker is Water.  Which food additive is the most suitable to be added to ensure both substances are mixed? ,A,Stabilizer ,Preservative,Antioxidant,Flavouring ,,,,
Which of the following substances are the most suitable to be used in: ,B,"Tartrazine, lecithin, gelatine","Aspartame, ascorbic acid, octyl glutamate","Pectin, sodium nitrite, monosodium glutamate","Sulphur dioxide, sodium benzoate, triphenyl compound",I. Sweet but low in calories,II. Produced in large quantity which have to make sure long tasting,III. Not easily oxidised and fruity taste,
