Quiz,Answer,A,B,C,D,Opt_1,Opt_2,Opt_3
Which medicine can relieve a headache?,A,Aspirin,Cortisone,Barbiturate,Streptomycin,,,
Which of the following is true about soap or detergent?,C,Detergent forms scum in hard water,Soap forms scum in soft water,Scum decreases the effectiveness of the cleansing action of soap,The presence of magnesium ions in detergent forms scum,,,
Which of the following is not a function of food additives?,D,Improving the taste,Adding nutritional value,Keeping the food fresher,Ensuring nutritional balance,,,
The joint of a student's leg is swollen and painful. What medicine is suitable to be given to the student? ,D,Insulin,Penicillin,Barbiturate,Paracetemol,,,
What substance is used as a food preservative?,A,Sodium nitrate,Azo compounds,Ascorbic acid,Monosodium glutamate,,,
A patient complained of a pain due to excess of acid in the stomach. Which substance will help to relieve the pain?,D,Ammonia,Ethanoic acid,Sodium chloride,Magnesium hydroxide,,,
Which of the following medicines is an analgesic?,D,Insulin,Penicillin,Streptomycin,Paracetamol,,,
Which of the following is not a function of food additives?,D,To improve the texture of food,To enhance the flavour of food,To decrease the rate of oxidation of food,To increase the rate of digestion of food,,,
Why is sodium chloride used in the preparation of soap?,C,To speed up the reaction to produce soap,To produce soap which foams easily�,To reduce solubility of soap,To make soap softer�,,,
Which food additive and example pair is correctly matched?,D,Preservation & Ascorbic acid,Flavouring & Tartrazine,Antioxidant & Aspartame,Thickener & Acacia Gum,,,
Substance X slows down the spoilage of food caused by microorganisms. Food will turn bad easily without substance X. What is substance X?,D,Stabilisers,Flavourings,Antioxidants,Preservatives,,,
What is the function of penicillin? ,C,Treats anxiety,Relieves pain,Retards the growth of bacteria,Controls the level of sugar in the blood,,,
Which cation forms scum with soap?,B,Na+,Mg2+,Al3+,NH4,,,
What is the main source in the production of detergent?,D,Palm oil,Animal fat,Ammonia,Petroleum,,,
What is the food additive used to prevent crackers from turning rancid and changing its taste?,C,Stabiliser,Flavouring,Antioxidant,Preservative,,,
What is the type of medicine for paracetamol? ,B,Stimulant,Analgesics,Antibiotic,Antidepressant,,,
A mother wants to bake a cake which is sweet and attractive in colour. Which substance should be added into the cake?,A,Aspartame and tartrazine,Aspartame and benzoic acid,Monosodium glutamate and tartrazine,Monosodium glutamate and benzoic acid,,,
A group of scouts go camping by the seashore. They have to do all their washings using sea water. What is the suitable substance for them to wash their clothes effectively?,C,Soap,Bleach,Detergent,Antiseptic,,,
Fat + Sodium Hydroxide ? Glycerol + Sodium salt What type of reaction is this?,C,Neutralisation,Esterification,Saponification,Fermentation,,,
A food technologist intends to destroy bacteria that cause potatoes to rot using radioisotope. Which if the following is suitable to be used? ,B,Carbon-14,Cabalt-60,Phosphorus-32,Sodium-24,,,
If the beaker containing two layers of substances. Top layer in the beaker is oil and bottom layer in the beaker is Water.  Which food additive is the most suitable to be added to ensure both substances are mixed? ,A,Stabilizer ,Preservative,Antioxidant,Flavouring ,,,
Which of the following substances are the most suitable to be used in: ,B,"Tartrazine, lecithin, gelatine","Aspartame, ascorbic acid, octyl glutamate","Pectin, sodium nitrite, monosodium glutamate","Sulphur dioxide, sodium benzoate, triphenyl compound",I. Sweet but low in calories,II. Produced in large quantity which have to make sure long tasting,III. Not easily oxidised and fruity taste
"Which of the following are the food additives found on the label? Label: Ingredients: Flour, sugar, eggs, monosodium glutamate (MSG), Sunset Yellow and ascorbic acid",A,Monosodium glutamate,Sodium Nitrate,Vinegar,Sugar,,,
"One of the ingredients in the food is not suitable for a diabetic patient. Which of the following can give the same sweetness but has a lower calorie amount? Label: Ingredients: Flour, sugar, eggs, monosodium glutamate (MSG), Sunset Yellow and ascorbic acid",D,Maltese,Cane sugar,Granulated sugar,Aspartame,,,
P: Added to low-calorie soft drinks to sweeten it and for the consumption of diabetic patients,B,"Cane sugar, salt, fumaric acid","Aspartame, Sodium nitrate, Vinegar",Both  of listed above,None of listed above,Q: Added to fresh meat to preserve it and to make it look fresh,"R: Added to pickled chili to provide an acidic condition, to slow down to inhibit the growth of microorganisms",Which of the following will match the function of food addictive stated above?
What is the advantage of using food addictive in daily life?,C,Cause allergies,Stay  healthy,Improves the shelf life of food,Give side effect to human,,,
What is the disadvantage of using food addictive in daily life?,C,Reduce spoilage,Improve appearance of food,Shortness of breath,Increase the availability of variety of foods,,,
What is the name of the reaction used in the preparation of soap?,A,Saponification,Respiration,Transpiration,None of listed above,,,
What is the function of sodium chloride in the preparation of soap?,B,Shorten the time needed to prepare the soap,To increase the precipitation of soap,To produce more soap,To speed up the process of preparation,,,
"During preparation of soap, palm oil is hydrolysed to palmitic acid and glycerol. Then, palmitic acid reacts with sodium hydrocode as shown in the equation below. Which is the following is the formation of soap?",C,C3(CH2)10COONa + H2O,CH3(CH2)14COOH + NaOH  ,CH3(CH2)14COONa + H2O,CH3(CH2)14COOCu + H2O,,,
Which of the following can be used to replace sodium hydroxide in the preparation of soap in a laboratory?,D,Sulphate hydroxide,Copper hydroxide,Iron hydroxide,Potassium hydroxide,,,
Which of the following can be used to replace palm oil in the preparation of soap in a laboratory?,C,Corn oil,Peanut oil,Olive oil,None of listed above,,,
A sock is stained with blood. Which additive in detergent to increase the effectiveness in the cleansing action.,A,Amylases,Maltase,Lactase, None of listed above,,,
Why salt is added to the fish?,C,To make it more delicious,To add the water into the cells of microorganisms,To keep it longer,To improve the appearance of the fish,,,
Why cleaning agent P is more effective than cleaning agent Q when in the sea water?,B, P can form the scum with sea water,P can dissolve in the hard water,P can dissolve in soft water,Molecule of P is bigger than Q,P: Oily stain removed,Q: Oily stain remained,
Which of the food addictive is suitable to add into meat in. order to keep it longer?,B,Sugar,Salt,Vinegar,Lemon,,,
Palm Oil + Concentrated Sodium Hydroxide -> Sodium Palmitate (Soap) + Glycerol,D,Neutralisation,Oxidation,Precipitate,Saponification,What is the name of this reaction? ,,
What is the homologous series of palm oil? ,C,Alkane,Alkene,Ester,Carboxylic acids,,,
A pupil wants to prepare a potassium palmitate soap. What alkali should he use? ,B,Concentrated hydrochloric acid,Concentrated potassium hydroxide,Diluted potassium hydroxide,Sodium Hydroxide,,,
Which part of the detergent particle is soluble in grease? ,A,Hydrophobic end,Hydrophobic head,Hydrophilic head,Hydrophilic end,,,
What illnesses can be cured using ginger? ,A,Gastric pain due to wind in the stomach,Sore throat,Back ache,Common cold,,,
How is ginger used in treating illnesses?,B,Eat the ginger raw,Drink the juice extracted from the zhizome,Grate the ginger and eat it,Eat the ginger skin,,,
Which medicine is used to prevent or reduce pain?,C,Antibiotic,Psychotherapeutic medicine,Analgesic,None of the above,,,
Which medicine kills or prevents the reproduction of bacteria?,A,Antibiotic,Psychotherapeutic medicine,Analgesic,None of the above,,,
Which medicine changes the emotions and behaviour of the patient?,B,Antibiotic,Psychotherapeutic medicine,Analgesic,None of the above,,,
What is the side effect of giving analgesic drugs to a child younger than 2 years old?,D,The medicine has no effect,The child will die,The child will hallucinate,Bleeding can occur in the stomach,,,
What happens if not all bacteria are killed due to a patient not finishing their prescribed amount of antibiotics?,C,The bacteria grows stronger,The bacteria will die on their own,The bacteria may become immune to the given medicine,Nothing happens,,,
What change may happen to a patient's emotions when psychotherapeutic drugs are used? ,D,The patient will hallucinate,The patient will experience paranoia,The patient's anxiety will be heightened,The patient's anxiety will be lessened or cured,,,
Palm Oil + Concentrated Sodium Hydroxide -> Sodium Palmitate (Soap) + Substance X,A,Glycerol,Detergent,Hydrochloric acid,Scum,What is substance X?,,
Sodium chloride solid is added to a soap mixture to complete the saponification process. Why?,B,To increase the effectiveness of soap,To help in the precipitation of soap,To reduce the bubbles produced by the soap,To increase the solubility of soap in water,,,
What is the meaning of scum?,D,A layer of dirt or froth on the surface of a liquid,A despicable person,A type of hard water,An insoluble salt (precipitate of magnesium and calcium),,,
Cleaning agent J forms scum in sea water but not in river water. What is cleaning agent J?,C,Detergent,Alcohol wipes,Soap,Bodywash,,,
Cleaning agent K does not form scum in sea water or river water. What is cleaning agent K?,B,Soap,Detergent,Alcohol wipes,Hand sanitizer,,,
What ions in sea water causes the formation of scum?,A,I & II,"I, II & III",I & III,I only,I. Magnesium ions,II. Calcium ions,III. Potassium ions
Which is an advantage of soap over detergent?,C,Soaps are more efficient than detergent,Soap forms scum in soft water,Soaps are biodegradable,Soap forms scum in hard water,,,
Which food additive is NOT correctly matched with their function?,B,I & II,I & III,II & III,II only,I. Ethyl butanoate - used as a flavouring agent,II. Citric acid - used as a food preservative,III. Gelatine - used as an antioxidant
Which of the following are guidelines for using analgesics?,A,"I, II & III",I only,II only,II & III,I. Do not eat with an empty stomach,II. Not suitable for gastric patients,III. Must be taken at the recommended dosage
Which of the following are examples of analgesics?,D,"I, II & III",I only,II only,II & III,I. Penicillin,II. Aspirin,III. Codeine
Which of the following are examples of antibiotics?,B,"I, II & III",I only,II only,II & III,I. Tetracycline,II. Paracetamol,III. Barbiturate
