example,function_1,function_2
Ginger,Treat flatulence in stomach,
Garlic,Reduces high blood pressure,Natural antibiotic
Aloe Vera,Treats itchy skin,Treats burns
Lime/Lemon,Prevents flu attacks,Helps to treat skin diseases
Ginseng,Acts as a general health tonic,
Pegaga (Centella Asiatica),Treats depression,Promotes longevity of life
Misai Kucing (Orthosiphon aristate),"Treats gout, diabetes and rheumatism",
Tongkat Ali (Eurydome longifolia),Increases the male libido,
Basil (Ocimum basilicum),"Treats coughs, colds and bronchitis",
Green chiretta (Andrographic paniculate),Treats diabetes and diarrhea,Used in treating fevers
Sea cucumber,Treats Japanese encephalitis,Used for treating hole in the heart
Centipede,Treats lockjaw and convulsions,
Ants,Used in treatment of Hepatitis B,
